state_code,state_name,lga_code,lga_name,ward_code,ward_name,ward_inec_id,polling_unit_count
27,OGUN,01,ABEOKUTA NORTH,01,IKEREKU,17263,15
27,OGUN,01,ABEOKUTA NORTH,02,IKIJA,17264,10
27,OGUN,01,ABEOKUTA NORTH,03,AGO OKO,17265,17
27,OGUN,01,ABEOKUTA NORTH,04,ELEGA,17266,20
27,OGUN,01,ABEOKUTA NORTH,05,ILUGUN/IBEREKODO,17267,34
27,OGUN,01,ABEOKUTA NORTH,06,GBAGURA,17268,13
27,OGUN,01,ABEOKUTA NORTH,07,IKA,17269,20
27,OGUN,01,ABEOKUTA NORTH,08,LAFENWA,17270,14
27,OGUN,01,ABEOKUTA NORTH,09,SABO,17271,32
27,OGUN,01,ABEOKUTA NORTH,10,OKE-AGO OWU,17272,17
27,OGUN,01,ABEOKUTA NORTH,11,TOTORO/SOKORI,17273,39
27,OGUN,01,ABEOKUTA NORTH,12,ITA-OSHIN/OLOMORE,17274,21
27,OGUN,01,ABEOKUTA NORTH,13,OLORUNDA IJALE,17275,17
27,OGUN,01,ABEOKUTA NORTH,14,IMALA - IDIEMI,17276,24
27,OGUN,01,ABEOKUTA NORTH,15,ISAGA ILEWO,17277,17
27,OGUN,01,ABEOKUTA NORTH,16,IBARA ORILE/ONISASA,17278,28
27,OGUN,02,ABEOKUTA SOUTH,01,AKE  I,17279,26
27,OGUN,02,ABEOKUTA SOUTH,02,AKE II,17280,35
27,OGUN,02,ABEOKUTA SOUTH,03,AKE  III,17281,29
27,OGUN,02,ABEOKUTA SOUTH,04,KEESI/EMERE,17282,31
27,OGUN,02,ABEOKUTA SOUTH,05,IJEMO,17283,23
27,OGUN,02,ABEOKUTA SOUTH,06,ITOKO,17284,16
27,OGUN,02,ABEOKUTA SOUTH,07,IJAYE/IDI-ABA,17285,45
27,OGUN,02,ABEOKUTA SOUTH,08,ERUNBE/OKE IJEUN,17286,26
27,OGUN,02,ABEOKUTA SOUTH,09,AGO-EGUN/IJESA,17287,38
27,OGUN,02,ABEOKUTA SOUTH,10,SODEKE/SALE-IJEUN  I,17288,10
27,OGUN,02,ABEOKUTA SOUTH,11,SODEKE/SALE-IJEUN  II,17289,27
27,OGUN,02,ABEOKUTA SOUTH,12,IMO/ISABO,17290,42
27,OGUN,02,ABEOKUTA SOUTH,13,IGBORE/AGO OBA,17291,27
27,OGUN,02,ABEOKUTA SOUTH,14,IBARA  I,17292,39
27,OGUN,02,ABEOKUTA SOUTH,15,IBARA  II,17293,31
27,OGUN,03,ADO ODO-OTA,01,OTA  I,17294,52
27,OGUN,03,ADO ODO-OTA,02,OTA  II,17295,52
27,OGUN,03,ADO ODO-OTA,03,OTA III,17296,76
27,OGUN,03,ADO ODO-OTA,04,SANGO,17297,45
27,OGUN,03,ADO ODO-OTA,05,IJOKO,17298,59
27,OGUN,03,ADO ODO-OTA,06,ATAN,17299,41
27,OGUN,03,ADO ODO-OTA,07,IJU,17300,76
27,OGUN,03,ADO ODO-OTA,08,ILOGBO,17301,56
27,OGUN,03,ADO ODO-OTA,09,ADO ODO  I,17302,21
27,OGUN,03,ADO ODO-OTA,10,ADO ODO II,17303,20
27,OGUN,03,ADO ODO-OTA,11,ERE,17304,28
27,OGUN,03,ADO ODO-OTA,12,ALAPOTI,17305,25
27,OGUN,03,ADO ODO-OTA,13,KETU-ADIE-OWE,17306,30
27,OGUN,03,ADO ODO-OTA,14,IGBESA,17307,23
27,OGUN,03,ADO ODO-OTA,15,AGBARA  I,17308,26
27,OGUN,03,ADO ODO-OTA,16,AGBARA/EJILA AWORI,17309,25
27,OGUN,04,EGBADO NORTH,01,IDO FOI,17310,30
27,OGUN,04,EGBADO NORTH,02,AYE TORO  I,17311,23
27,OGUN,04,EGBADO NORTH,03,AYE TORO  II,17312,20
27,OGUN,04,EGBADO NORTH,04,SUNWA,17313,21
27,OGUN,04,EGBADO NORTH,05,IBORO/JOGA,17314,11
27,OGUN,04,EGBADO NORTH,06,IMASAI,17315,10
27,OGUN,04,EGBADO NORTH,07,EBUTE IGBOORO,17316,28
27,OGUN,04,EGBADO NORTH,08,OHUNBE,17317,24
27,OGUN,04,EGBADO NORTH,09,IGUA,17318,26
27,OGUN,04,EGBADO NORTH,10,IJOUN,17319,31
27,OGUN,04,EGBADO NORTH,11,IBESE,17320,27
27,OGUN,05,EGBADO SOUTH,01,ILARO  I,17321,36
27,OGUN,05,EGBADO SOUTH,02,ILARO  II,17322,23
27,OGUN,05,EGBADO SOUTH,03,ILARO  III,17323,30
27,OGUN,05,EGBADO SOUTH,04,IWOYE,17324,19
27,OGUN,05,EGBADO SOUTH,05,IDOGO,17325,18
27,OGUN,05,EGBADO SOUTH,06,OKE ODAN,17326,28
27,OGUN,05,EGBADO SOUTH,07,OWODE I,17327,33
27,OGUN,05,EGBADO SOUTH,08,OWODE II,17328,25
27,OGUN,05,EGBADO SOUTH,09,ILOBI/ERINJA,17329,21
27,OGUN,05,EGBADO SOUTH,10,AJILETE,17330,23
27,OGUN,06,EWEKORO,01,ABALABI,17331,22
27,OGUN,06,EWEKORO,02,ASA/YOBO,17332,12
27,OGUN,06,EWEKORO,03,ARIGBAJO,17333,17
27,OGUN,06,EWEKORO,04,ITORI,17334,46
27,OGUN,06,EWEKORO,05,ELERE/ONIGBEDU,17335,15
27,OGUN,06,EWEKORO,06,PAPALANTO,17336,28
27,OGUN,06,EWEKORO,07,WASIMI,17337,12
27,OGUN,06,EWEKORO,08,MOSAN,17338,11
27,OGUN,06,EWEKORO,09,OWOWO,17339,8
27,OGUN,06,EWEKORO,10,OBADA-OKO,17340,17
27,OGUN,07,IFO,01,IFO  I,17341,26
27,OGUN,07,IFO,02,IFO  II,17342,26
27,OGUN,07,IFO,03,IFO  III,17343,40
27,OGUN,07,IFO,04,AGBADO,17344,71
27,OGUN,07,IFO,05,ISERI,17345,46
27,OGUN,07,IFO,06,AJUWON/AKUTE,17346,60
27,OGUN,07,IFO,07,OKE-ARO/IBARAGUN/ROBIYAN,17347,58
27,OGUN,07,IFO,08,OSOSUN,17348,49
27,OGUN,07,IFO,09,SUNREN,17349,11
27,OGUN,07,IFO,10,COKER,17350,41
27,OGUN,07,IFO,11,IBOGUN,17351,20
27,OGUN,08,IJEBU EAST,01,IJEBU MUSHIN  I,17352,12
27,OGUN,08,IJEBU EAST,02,IJEBU MUSHIN  II,17353,13
27,OGUN,08,IJEBU EAST,03,IJEBU IFE  I,17354,14
27,OGUN,08,IJEBU EAST,04,IJEBU IFE  II,17355,12
27,OGUN,08,IJEBU EAST,05,OWU,17356,16
27,OGUN,08,IJEBU EAST,06,IKIJA,17357,8
27,OGUN,08,IJEBU EAST,07,ITELE,17358,17
27,OGUN,08,IJEBU EAST,08,OGBERE,17359,21
27,OGUN,08,IJEBU EAST,09,IMOBI  I,17360,8
27,OGUN,08,IJEBU EAST,10,IMOBI  II,17361,8
27,OGUN,08,IJEBU EAST,11,AJEBANDELE,17362,25
27,OGUN,09,IJEBU NORTH,01,ATIKORI,17363,22
27,OGUN,09,IJEBU NORTH,02,JAPARA/OJOWO,17364,20
27,OGUN,09,IJEBU NORTH,03,OMEN,17365,22
27,OGUN,09,IJEBU NORTH,04,OSUN,17366,29
27,OGUN,09,IJEBU NORTH,05,OKE AGBO,17367,26
27,OGUN,09,IJEBU NORTH,06,OKE SOPIN,17368,39
27,OGUN,09,IJEBU NORTH,07,ORU/AWA/ILAPORU,17369,24
27,OGUN,09,IJEBU NORTH,08,AGO IWOYE  I,17370,27
27,OGUN,09,IJEBU NORTH,09,AGO IWOYE II,17371,20
27,OGUN,09,IJEBU NORTH,10,AKO-ONIGBAGBO/GELETE,17372,19
27,OGUN,09,IJEBU NORTH,11,MAMU/ETIRI,17373,20
27,OGUN,10,IJEBU NORTH EAST,01,ATAN/IMUKU,17374,10
27,OGUN,10,IJEBU NORTH EAST,02,ODOSIMADEGUN/ODOSEBORA,17375,16
27,OGUN,10,IJEBU NORTH EAST,03,IMEWIRO/ODODEYO/IMOMO,17376,15
27,OGUN,10,IJEBU NORTH EAST,04,ODESENLU,17377,7
27,OGUN,10,IJEBU NORTH EAST,05,IGEDE/ITAMARUN,17378,6
27,OGUN,10,IJEBU NORTH EAST,06,OJU ONA,17379,8
27,OGUN,10,IJEBU NORTH EAST,07,ISOYIN,17380,9
27,OGUN,10,IJEBU NORTH EAST,08,ILESE,17381,17
27,OGUN,10,IJEBU NORTH EAST,09,OKE-ERI/OGBOGBO,17382,13
27,OGUN,10,IJEBU NORTH EAST,10,ERUNWON,17383,10
27,OGUN,11,IJEBU ODE,01,ISOKU/OSOSA,17384,11
27,OGUN,11,IJEBU ODE,02,ODO-ESA,17385,11
27,OGUN,11,IJEBU ODE,03,ITANTEBO,17386,7
27,OGUN,11,IJEBU ODE,04,IJADE / IMEPE I,17387,8
27,OGUN,11,IJEBU ODE,05,IJADE / IMEPE II,17388,23
27,OGUN,11,IJEBU ODE,06,POROGUN  I,17389,17
27,OGUN,11,IJEBU ODE,07,POROGUN  II,17390,18
27,OGUN,11,IJEBU ODE,08,IJASI/ IDEPO,17391,28
27,OGUN,11,IJEBU ODE,09,ODO-EGBO/OLIWORO,17392,21
27,OGUN,11,IJEBU ODE,10,ISIWO,17393,7
27,OGUN,11,IJEBU ODE,11,ITAMAPAKO,17394,10
27,OGUN,12,IKENNE,01,IKENNE  I,17395,19
27,OGUN,12,IKENNE,02,IKENNE  II,17396,17
27,OGUN,12,IKENNE,03,IPERU  I,17397,9
27,OGUN,12,IKENNE,04,IPERU  II,17398,12
27,OGUN,12,IKENNE,05,IPERU  III,17399,18
27,OGUN,12,IKENNE,06,OGERE  I,17400,8
27,OGUN,12,IKENNE,07,OGERE  II,17401,11
27,OGUN,12,IKENNE,08,ILISAN  I,17402,15
27,OGUN,12,IKENNE,09,ILISAN  II,17403,11
27,OGUN,12,IKENNE,10,ILISAN/IROLU,17404,6
27,OGUN,13,IMEKO/AFON,01,IMEKO,17405,36
27,OGUN,13,IMEKO/AFON,02,OKE AGBEDE/MORIWI/MATALE,17406,15
27,OGUN,13,IMEKO/AFON,03,IDOFA,17407,7
27,OGUN,13,IMEKO/AFON,04,IWOYE/JABATA,17408,14
27,OGUN,13,IMEKO/AFON,05,ILARA/ALAGBE,17409,16
27,OGUN,13,IMEKO/AFON,06,AFON,17410,8
27,OGUN,13,IMEKO/AFON,07,OTAPELE,17411,7
27,OGUN,13,IMEKO/AFON,08,KAJOLA/AGBERIODO,17412,11
27,OGUN,13,IMEKO/AFON,09,OLORUNDA/GBOMO,17413,7
27,OGUN,13,IMEKO/AFON,10,IDI AYIN,17414,11
27,OGUN,14,IPOKIA,01,IPOKIA  I,17415,17
27,OGUN,14,IPOKIA,02,IPOKIA  II,17416,13
27,OGUN,14,IPOKIA,03,AGOSASA,17417,41
27,OGUN,14,IPOKIA,04,IJOFIN/IDOSA,17418,25
27,OGUN,14,IPOKIA,05,TUBE,17419,19
27,OGUN,14,IPOKIA,06,AGADA,17420,10
27,OGUN,14,IPOKIA,07,MAUNI I,17421,13
27,OGUN,14,IPOKIA,08,MAUNI II,17422,15
27,OGUN,14,IPOKIA,09,AJEGUNLE,17423,21
27,OGUN,14,IPOKIA,10,IFONYINTEDO,17424,30
27,OGUN,14,IPOKIA,11,IDIROKO,17425,36
27,OGUN,14,IPOKIA,12,IHUNBO/ ILASE,17426,22
27,OGUN,15,OBAFEMI/OWODE,01,MOKOLOKI,17427,11
27,OGUN,15,OBAFEMI/OWODE,02,OFADA,17428,126
27,OGUN,15,OBAFEMI/OWODE,03,OWODE,17429,38
27,OGUN,15,OBAFEMI/OWODE,04,AJURA,17430,20
27,OGUN,15,OBAFEMI/OWODE,05,MOLOKO-ASIPA,17431,16
27,OGUN,15,OBAFEMI/OWODE,06,ONIDUNDU,17432,13
27,OGUN,15,OBAFEMI/OWODE,07,OBA,17433,38
27,OGUN,15,OBAFEMI/OWODE,08,EGBEDA,17434,15
27,OGUN,15,OBAFEMI/OWODE,09,KAJOLA,17435,12
27,OGUN,15,OBAFEMI/OWODE,10,OBAFEMI,17436,14
27,OGUN,15,OBAFEMI/OWODE,11,AJEBO,17437,13
27,OGUN,15,OBAFEMI/OWODE,12,ALAPAKO-ONI,17438,12
27,OGUN,16,ODEDA,01,ODEDA,17439,25
27,OGUN,16,ODEDA,02,BALOGUN ITESI,17440,8
27,OGUN,16,ODEDA,03,OLODO,17441,14
27,OGUN,16,ODEDA,04,ALAGBAGBA,17442,13
27,OGUN,16,ODEDA,05,ILUGUN,17443,22
27,OGUN,16,ODEDA,06,OSIELE,17444,25
27,OGUN,16,ODEDA,07,OBANTOKO,17445,37
27,OGUN,16,ODEDA,08,ALABATA,17446,8
27,OGUN,16,ODEDA,09,OBETE,17447,10
27,OGUN,16,ODEDA,10,OPEJI,17448,19
27,OGUN,17,ODOGBOLU,01,IMOSAN,17449,9
27,OGUN,17,ODOGBOLU,02,IMODI,17450,18
27,OGUN,17,ODOGBOLU,03,OKUN-OWA,17451,11
27,OGUN,17,ODOGBOLU,04,ODOGBOLU  I,17452,12
27,OGUN,17,ODOGBOLU,05,ODOGBOLU  II,17453,12
27,OGUN,17,ODOGBOLU,06,AIYEPE,17454,14
27,OGUN,17,ODOGBOLU,07,OSOSA,17455,15
27,OGUN,17,ODOGBOLU,08,IDOWA,17456,8
27,OGUN,17,ODOGBOLU,09,IBEFUN,17457,9
27,OGUN,17,ODOGBOLU,10,ILADO,17458,7
27,OGUN,17,ODOGBOLU,11,OGBO/MORAIKA/ITA-EPO  I,17459,28
27,OGUN,17,ODOGBOLU,12,ALA/IGBILE,17460,7
27,OGUN,17,ODOGBOLU,13,JOBORE/IBIDO/IKISE,17461,4
27,OGUN,17,ODOGBOLU,14,OMU,17462,12
27,OGUN,17,ODOGBOLU,15,OGBO/MORAIKA/ITA EPO II,17463,13
27,OGUN,18,OGUN WATER SIDE,01,IWOPIN,17464,13
27,OGUN,18,OGUN WATER SIDE,02,ONI,17465,12
27,OGUN,18,OGUN WATER SIDE,03,IBIADE,17466,13
27,OGUN,18,OGUN WATER SIDE,04,LUKOGBE/ILUSIN,17467,16
27,OGUN,18,OGUN WATER SIDE,05,ABIGI,17468,15
27,OGUN,18,OGUN WATER SIDE,06,EFIRE,17469,11
27,OGUN,18,OGUN WATER SIDE,07,AYEDE/LOMIRO,17470,14
27,OGUN,18,OGUN WATER SIDE,08,AYILA/ITEBU,17471,9
27,OGUN,18,OGUN WATER SIDE,09,MAKUN/IROKUN,17472,12
27,OGUN,18,OGUN WATER SIDE,10,ODE-OMI,17473,11
27,OGUN,19,REMO NORTH,01,AYEGBAMI,17474,17
27,OGUN,19,REMO NORTH,02,IGAN/AJINA,17475,16
27,OGUN,19,REMO NORTH,03,MOBORODE/OKE-OLA,17476,10
27,OGUN,19,REMO NORTH,04,ODOFIN/IMAGBO/PETEKUN/DAWARA,17477,18
27,OGUN,19,REMO NORTH,05,ILARA,17478,9
27,OGUN,19,REMO NORTH,06,AKAKA,17479,11
27,OGUN,19,REMO NORTH,07,IPARA,17480,10
27,OGUN,19,REMO NORTH,08,ORILE-OKO,17481,9
27,OGUN,19,REMO NORTH,09,ODE  I,17482,15
27,OGUN,19,REMO NORTH,10,ODE  II,17483,17
27,OGUN,20,SAGAMU,01,OKO/EPE/ITULA  I,17484,11
27,OGUN,20,SAGAMU,02,OKO/EPE/ITULA  II,17485,17
27,OGUN,20,SAGAMU,03,AYEGBAMI/IJOKUN,17486,15
27,OGUN,20,SAGAMU,04,SABO 1,17487,34
27,OGUN,20,SAGAMU,05,SABO II,17488,30
27,OGUN,20,SAGAMU,06,ISOKUN / OYEBAJO,17489,14
27,OGUN,20,SAGAMU,07,IJAGBA,17490,9
27,OGUN,20,SAGAMU,08,LATAWA,17491,8
27,OGUN,20,SAGAMU,09,ODE -LEMO,17492,16
27,OGUN,20,SAGAMU,10,OGIJO/ LIKOSI,17493,56
27,OGUN,20,SAGAMU,11,SURULERE,17494,18
27,OGUN,20,SAGAMU,12,ISOTE,17495,8
27,OGUN,20,SAGAMU,13,SIMAWA / IWELEPE,17496,25
27,OGUN,20,SAGAMU,14,AGBOWA,17497,29
27,OGUN,20,SAGAMU,15,IBIDO/ITUWA/ALARA,17498,9
